pipeline,mean,std
CSP + LDA,0.94302726,0.0046659512
CSP + SVM,0.95693874,0.009524303
